Name,Platform,Year_of_Release,Genre,Publisher,NA_Sales,EU_Sales,JP_Sales,Other_Sales,Global_Sales,Critic_Score,Critic_Count,User_Score
Wii Sports,Wii,2006,Sports,Nintendo,41.36,28.96,3.77,8.45,82.53,76,51,8
Mario Kart Wii,Wii,2008,Racing,Nintendo,15.68,12.76,3.79,3.29,35.52,82,73,8.3
Wii Sports Resort,Wii,2009,Sports,Nintendo,15.61,10.93,3.28,2.95,32.77,80,73,8
New Super Mario Bros.,DS,2006,Platform,Nintendo,11.28,9.14,6.5,2.88,29.8,89,65,8.5
Wii Play,Wii,2006,Misc,Nintendo,13.96,9.18,2.93,2.84,28.92,58,41,6.6
New Super Mario Bros. Wii,Wii,2009,Platform,Nintendo,14.44,6.94,4.7,2.24,28.32,87,80,8.4
Mario Kart DS,DS,2005,Racing,Nintendo,9.71,7.47,4.13,1.9,23.21,91,64,8.6
Wii Fit,Wii,2007,Sports,Nintendo,8.92,8.03,3.6,2.15,22.7,80,63,7.7
Kinect Adventures!,X360,2010,Misc,Microsoft Game Studios,15,4.89,0.24,1.69,21.81,61,45,6.3
Wii Fit Plus,Wii,2009,Sports,Nintendo,9.01,8.49,2.53,1.77,21.79,80,33,7.4
Grand Theft Auto V,PS3,2013,Action,Take-Two Interactive,7.02,9.09,0.98,3.96,21.04,97,50,8.2
Grand Theft Auto: San Andreas,PS2,2004,Action,Take-Two Interactive,9.43,0.4,0.41,10.57,20.81,95,80,9
Brain Age: Train Your Brain in Minutes a Day,DS,2005,Misc,Nintendo,4.74,9.2,4.16,2.04,20.15,77,58,7.9
Grand Theft Auto V,X360,2013,Action,Take-Two Interactive,9.66,5.14,0.06,1.41,16.27,97,58,8.1
Grand Theft Auto: Vice City,PS2,2002,Action,Take-Two Interactive,8.41,5.49,0.47,1.78,16.15,95,62,8.7
Brain Age 2: More Training in Minutes a Day,DS,2005,Puzzle,Nintendo,3.43,5.35,5.32,1.18,15.29,77,37,7.1
Gran Turismo 3: A-Spec,PS2,2001,Racing,Sony Computer Entertainment,6.85,5.09,1.87,1.16,14.98,95,54,8.4
Call of Duty: Modern Warfare 3,X360,2011,Shooter,Activision,9.04,4.24,0.13,1.32,14.73,88,81,3.4
Call of Duty: Black Ops,X360,2010,Shooter,Activision,9.7,3.68,0.11,1.13,14.61,87,89,6.3
Call of Duty: Black Ops II,PS3,2012,Shooter,Activision,4.99,5.73,0.65,2.42,13.79,83,21,5.3
Call of Duty: Black Ops II,X360,2012,Shooter,Activision,8.25,4.24,0.07,1.12,13.67,83,73,4.8
Call of Duty: Modern Warfare 2,X360,2009,Shooter,Activision,8.52,3.59,0.08,1.28,13.47,94,100,6.3
Call of Duty: Modern Warfare 3,PS3,2011,Shooter,Activision,5.54,5.73,0.49,1.57,13.32,88,39,3.2
Grand Theft Auto III,PS2,2001,Action,Take-Two Interactive,6.99,4.51,0.3,1.3,13.1,97,56,8.5
Super Smash Bros. Brawl,Wii,2008,Fighting,Nintendo,6.62,2.55,2.66,1.01,12.84,93,81,8.9
Mario Kart 7,3DS,2011,Racing,Nintendo,5.03,4.02,2.69,0.91,12.66,85,73,8.2
Call of Duty: Black Ops,PS3,2010,Shooter,Activision,5.99,4.37,0.48,1.79,12.63,88,58,6.4
Grand Theft Auto V,PS4,2014,Action,Take-Two Interactive,3.96,6.31,0.38,1.97,12.61,97,66,8.3
Animal Crossing: Wild World,DS,2005,Simulation,Nintendo,2.5,3.45,5.33,0.86,12.13,86,57,8.7
Halo 3,X360,2007,Shooter,Microsoft Game Studios,7.97,2.81,0.13,1.21,12.12,94,86,7.8
Gran Turismo 4,PS2,2004,Racing,Sony Computer Entertainment,3.01,0.01,1.1,7.53,11.66,89,74,8.5
Super Mario Galaxy,Wii,2007,Platform,Nintendo,6.06,3.35,1.2,0.74,11.35,97,73,8.9
Grand Theft Auto IV,X360,2008,Action,Take-Two Interactive,6.76,3.07,0.14,1.03,11.01,98,86,7.9
Gran Turismo,PS,1997,Racing,Sony Computer Entertainment,4.02,3.87,2.54,0.52,10.95,96,16,8.7
Super Mario 3D Land,3DS,2011,Platform,Nintendo,4.89,3,2.14,0.78,10.81,90,82,8.4
Gran Turismo 5,PS3,2010,Racing,Sony Computer Entertainment,2.96,4.82,0.81,2.11,10.7,84,82,7.5
Call of Duty: Modern Warfare 2,PS3,2009,Shooter,Activision,4.99,3.64,0.38,1.6,10.6,94,67,6.3
Grand Theft Auto IV,PS3,2008,Action,Take-Two Interactive,4.76,3.69,0.44,1.61,10.5,98,64,7.5
Call of Duty: Ghosts,X360,2013,Shooter,Activision,6.73,2.56,0.04,0.91,10.25,73,29,2.6
Just Dance 3,Wii,2011,Misc,Ubisoft,5.95,3.11,0,1.06,10.12,74,15,7.8
New Super Mario Bros. 2,3DS,2012,Platform,Nintendo,3.66,3.14,2.47,0.63,9.9,78,70,7.2
Halo: Reach,X360,2010,Shooter,Microsoft Game Studios,7.04,1.95,0.08,0.79,9.86,91,99,7.9
Final Fantasy VII,PS,1997,Role-Playing,Sony Computer Entertainment,3.01,2.47,3.28,0.96,9.72,92,20,9.2
Halo 4,X360,2012,Shooter,Microsoft Game Studios,6.65,2.28,0.04,0.74,9.71,87,87,7
Gran Turismo 2,PS,1999,Racing,Sony Computer Entertainment,3.88,3.42,1.69,0.5,9.49,93,23,9
Just Dance 2,Wii,2010,Misc,Ubisoft,5.8,2.85,0.01,0.78,9.44,74,24,7.3
Call of Duty: Ghosts,PS3,2013,Shooter,Activision,4.1,3.63,0.38,1.25,9.36,71,10,2.6
Call of Duty 4: Modern Warfare,X360,2007,Shooter,Activision,5.93,2.36,0.13,0.9,9.31,94,70,8.4
Animal Crossing: New Leaf,3DS,2012,Simulation,Nintendo,2.03,2.36,4.39,0.39,9.16,88,70,8.7
Mario Party DS,DS,2007,Misc,Nintendo,4.4,1.85,1.98,0.68,8.91,72,27,7.8
The Elder Scrolls V: Skyrim,X360,2011,Role-Playing,Bethesda Softworks,5.05,2.79,0.1,0.85,8.79,96,89,8.4
FIFA 16,PS4,2015,Sports,Electronic Arts,1.12,6.12,0.06,1.28,8.57,82,42,4.3
Halo 2,XB,2004,Shooter,Microsoft Game Studios,6.82,1.53,0.05,0.08,8.49,95,91,8.2
Wii Party,Wii,2010,Misc,Nintendo,1.75,3.47,2.49,0.67,8.38,68,42,7.4
Mario Party 8,Wii,2007,Misc,Nintendo,3.74,2.24,1.58,0.7,8.27,62,41,6.3
FIFA Soccer 13,PS3,2012,Action,Electronic Arts,1.06,5.01,0.13,1.97,8.16,88,37,6.6
Final Fantasy X,PS2,2001,Role-Playing,Sony Computer Entertainment,2.91,2.07,2.73,0.33,8.05,92,53,8.7
The Sims 3,PC,2009,Simulation,Electronic Arts,0.99,6.42,0,0.6,8.01,86,75,7.6
Final Fantasy VIII,PS,1999,Role-Playing,SquareSoft,2.28,1.72,3.63,0.23,7.86,90,24,8.6
Pok√©mon Platinum Version,DS,2008,Role-Playing,Nintendo,2.76,1.72,2.69,0.54,7.72,83,46,8.5
Grand Theft Auto: Liberty City Stories,PSP,2005,Action,Take-Two Interactive,2.9,2.81,0.24,1.73,7.69,88,65,7.6
Call of Duty: Advanced Warfare,PS4,2014,Shooter,Activision,2.81,3.48,0.14,1.23,7.66,83,39,5.7
FIFA 17,PS4,2016,Sports,Electronic Arts,0.66,5.75,0.08,1.11,7.59,85,41,5
Super Mario Galaxy 2,Wii,2010,Platform,Nintendo,3.56,2.35,0.98,0.62,7.51,97,87,9.1
Call of Duty: World at War,X360,2008,Shooter,Activision,4.81,1.88,0,0.69,7.38,84,84,7.6
Battlefield 3,X360,2011,Shooter,Electronic Arts,4.46,2.11,0.06,0.69,7.32,84,57,7.4
